Dataset,Best Theta,Test Error
1,1e-05,7.490379355106494e-09
2,10.0,1.8652231193093647e-09
